{"cameraMode":{"drawMode":0,"name":"Shaded","section":"Shading Mode"},"sceneLighting":true,"audioPlay":false,"sceneViewState":{"m_AlwaysRefresh":false,"showFog":true,"showSkybox":true,"showFlares":true,"showImageEffects":true,"showParticleSystems":true,"showVisualEffectGraphs":true,"m_FxEnabled":true},"in2DMode":false,"pivot":{"x":-12.03732681274414,"y":0.03738734498620033,"z":-2.218566417694092},"rotation":{"x":-0.07442159205675125,"y":0.8301656246185303,"z":-0.11428845673799515,"w":-0.5405808091163635},"size":12.183586120605469,"orthographic":false}